Taxa,leg_length,body_size,spur_length,population_code,population_spur_length
Rediviva albifasciata,5.809,2.393,1.5,R. albifasciata,NA
Rediviva albifasciata,5.662,2.393,1.5,R. albifasciata,NA
Rediviva albifasciata,5.82,2.432,1.5,R. albifasciata,NA
Rediviva albifasciata,5.888,2.455,1.5,R. albifasciata,NA
Rediviva albifasciata,5.826,2.472,1.5,R. albifasciata,NA
Rediviva albifasciata,5.756,2.511,1.5,R. albifasciata,NA
Rediviva albifasciata,6.006,2.455,1.5,R. albifasciata,NA
Rediviva albifasciata,5.764,2.251,1.5,R. albifasciata,NA
Rediviva albifasciata,5.844,2.619,1.5,R. albifasciata,NA
Rediviva albifasciata,5.718,2.393,1.5,R. albifasciata,NA
Rediviva albifasciata,5.831,2.664,1.5,R. albifasciata,NA
Rediviva albifasciata,5.515,2.251,1.5,R. albifasciata,NA
Rediviva albifasciata,5.981,2.664,1.5,R. albifasciata,NA
Rediviva albifasciata,5.656,2.59,1.5,R. albifasciata,NA
Rediviva albifasciata,6.102,2.653,1.5,R. albifasciata,NA
Rediviva albifasciata,6.063,2.704,1.5,R. albifasciata,NA
Rediviva albifasciata,5.961,2.511,1.5,R. albifasciata,NA
Rediviva albifasciata,5.865,2.5,1.5,R. albifasciata,NA
Rediviva albifasciata,6.126,2.596,1.5,R. albifasciata,NA
Rediviva albifasciata,5.951,2.534,1.5,R. albifasciata,NA
Rediviva albifasciata,5.809,2.127,1.5,R. albifasciata,NA
Rediviva albifasciata,5.56,2.5,1.5,R. albifasciata,NA
Rediviva albifasciata,5.809,2.455,1.5,R. albifasciata,NA
Rediviva albifasciata,5.831,2.641,1.5,R. albifasciata,NA
Rediviva albifasciata,5.916,2.5,1.5,R. albifasciata,NA
Rediviva albifasciata,5.724,2.585,1.5,R. albifasciata,NA
Rediviva albifasciata,6.244,2.749,1.5,R. albifasciata,NA
Rediviva albifasciata,5.724,2.602,1.5,R. albifasciata,NA
Rediviva albifasciata,6.086,2.698,1.5,R. albifasciata,NA
Rediviva alonsoae,7.765,3.473,3.3,R. alonsoae,NA
Rediviva alonsoae,8.621,3.569,3.3,R. alonsoae,NA
Rediviva alonsoae,7.806,3.45,3.3,R. alonsoae,NA
Rediviva alonsoae,8.134,3.043,3.3,R. alonsoae,NA
Rediviva alonsoae,8.02,3.196,3.3,R. alonsoae,NA
Rediviva alonsoae,7.828,3.23,3.3,R. alonsoae,NA
Rediviva alonsoae,8.003,3.264,3.3,R. alonsoae,NA
Rediviva alonsoae,7.727,3.207,3.3,R. alonsoae,NA
Rediviva alonsoae,8.796,3.529,3.3,R. alonsoae,NA
Rediviva alonsoae,8.57,3.377,3.3,R. alonsoae,NA
Rediviva alonsoae,7.879,3.331,3.3,R. alonsoae,NA
Rediviva aurata,9.463,2.726,3.514,R. aurata,NA
Rediviva aurata,9.349,2.681,3.514,R. aurata,NA
Rediviva aurata,9.174,2.788,3.514,R. aurata,NA
Rediviva aurata,9.343,2.641,3.514,R. aurata,NA
Rediviva aurata,10.017,2.952,3.514,R. aurata,NA
Rediviva aurata,10.33,2.992,3.514,R. aurata,NA
Rediviva aurata,9.681,2.958,3.514,R. aurata,NA
Rediviva aurata,9.53,2.811,3.514,R. aurata,NA
Rediviva aurata,9.604,2.828,3.514,R. aurata,NA
Rediviva aurata,9.734,2.89,3.514,R. aurata,NA
Rediviva aurata,9.238,2.924,3.514,R. aurata,NA
Rediviva aurata,9.355,3.037,3.514,R. aurata,NA
Rediviva aurata,8.654,2.528,3.514,R. aurata,NA
Rediviva aurata,9.287,2.817,3.514,R. aurata,NA
Rediviva aurata,8.931,2.636,3.514,R. aurata,NA
Rediviva aurata,8.711,2.8,3.514,R. aurata,NA
Rediviva aurata,8.909,2.822,3.514,R. aurata,NA
Rediviva aurata,8.832,2.664,3.514,R. aurata,NA
Rediviva aurata,8.633,2.681,3.514,R. aurata,NA
Rediviva aurata,9.156,2.868,3.514,R. aurata,NA
Rediviva aurata,8.716,2.721,3.514,R. aurata,NA
Rediviva aurata,8.637,2.692,3.514,R. aurata,NA
Rediviva aurata,8.597,2.602,3.514,R. aurata,NA
Rediviva aurata,8.462,2.568,3.514,R. aurata,NA
Rediviva aurata,8.768,2.732,3.514,R. aurata,NA
Rediviva aurata,8.947,2.692,3.514,R. aurata,NA
Rediviva aurata,8.309,2.636,3.514,R. aurata,NA
Rediviva aurata,8.818,2.5,3.514,R. aurata,NA
Rediviva aurata,8.745,2.811,3.514,R. aurata,NA
Rediviva aurata,8.155,2.562,3.514,R. aurata,NA
Rediviva autumnalis,14.606,3.211,14.6,R. autumnalis,NA
Rediviva autumnalis,14.481,3.297,14.6,R. autumnalis,NA
Rediviva autumnalis,13.665,3.276,14.6,R. autumnalis,NA
Rediviva autumnalis,13.741,3.178,14.6,R. autumnalis,NA
Rediviva autumnalis,14.497,3.222,14.6,R. autumnalis,NA
Rediviva autumnalis,14.183,3.232,14.6,R. autumnalis,NA
Rediviva autumnalis,14.075,3.059,14.6,R. autumnalis,NA
Rediviva autumnalis,14.021,3.059,14.6,R. autumnalis,NA
Rediviva autumnalis,14.453,3.146,14.6,R. autumnalis,NA
Rediviva autumnalis,13.189,3.049,14.6,R. autumnalis,NA
Rediviva autumnalis,13.556,3.286,14.6,R. autumnalis,NA
Rediviva autumnalis,14.074,3.265,14.6,R. autumnalis,NA
Rediviva autumnalis,13.676,2.876,14.6,R. autumnalis,NA
Rediviva autumnalis,13.739,3.438,14.6,R. autumnalis,NA
Rediviva autumnalis,14.476,3.394,14.6,R. autumnalis,NA
Rediviva autumnalis,13.718,3.038,14.6,R. autumnalis,NA
Rediviva autumnalis,13.403,3.168,14.6,R. autumnalis,NA
Rediviva autumnalis,13.525,2.951,14.6,R. autumnalis,NA
Rediviva autumnalis,13.471,3.114,14.6,R. autumnalis,NA
Rediviva brunnea,12.116,3.071,7.343,R. brunnea,NA
Rediviva brunnea,12.082,3.275,7.343,R. brunnea,NA
Rediviva brunnea,11.81,3.173,7.343,R. brunnea,NA
Rediviva brunnea,12.092,3.394,7.343,R. brunnea,NA
Rediviva brunnea,11.895,3.105,7.343,R. brunnea,NA
Rediviva brunnea,11.154,3.133,7.343,R. brunnea,NA
Rediviva brunnea,12.149,3.15,7.343,R. brunnea,NA
Rediviva brunnea,11.561,3.133,7.343,R. brunnea,NA
Rediviva brunnea,12.014,3.122,7.343,R. brunnea,NA
Rediviva brunnea,12.212,3.213,7.343,R. brunnea,NA
Rediviva brunnea,12.038,3.145,7.343,R. brunnea,NA
Rediviva brunnea,10.787,2.952,7.343,R. brunnea,NA
Rediviva brunnea,11.68,3.173,7.343,R. brunnea,NA
Rediviva brunnea,12.478,3.269,7.343,R. brunnea,NA
Rediviva brunnea,10.617,3.377,7.343,R. brunnea,NA
Rediviva colorata,10.184,2.843,3.82,R. colorata,NA
Rediviva colorata,10.357,2.962,3.82,R. colorata,NA
Rediviva colorata,10.648,3.124,3.82,R. colorata,NA
Rediviva colorata,9.643,2.757,3.82,R. colorata,NA
Rediviva colorata,10.313,2.865,3.82,R. colorata,NA
Rediviva colorata,10.001,2.8,3.82,R. colorata,NA
Rediviva colorata,10.605,2.951,3.82,R. colorata,NA
Rediviva colorata,10.519,3.038,3.82,R. colorata,NA
Rediviva colorata,10.347,2.854,3.82,R. colorata,NA
Rediviva colorata,11.871,2.703,3.82,R. colorata,NA
Rediviva colorata,11.124,3.049,3.82,R. colorata,NA
Rediviva colorata,10.206,2.746,3.82,R. colorata,NA
Rediviva colorata,10.649,2.951,3.82,R. colorata,NA
Rediviva colorata,10.325,3.005,3.82,R. colorata,NA
Rediviva colorata,10.412,2.984,3.82,R. colorata,NA
Rediviva colorata,10.283,2.93,3.82,R. colorata,NA
Rediviva colorata,11.005,2.962,3.82,R. colorata,NA
Rediviva colorata,11.124,3.038,3.82,R. colorata,NA
Rediviva colorata,11.697,3.611,3.82,R. colorata,NA
Rediviva colorata,10.368,2.897,3.82,R. colorata,NA
Rediviva colorata,10.692,2.876,3.82,R. colorata,NA
Rediviva colorata,10.519,2.995,3.82,R. colorata,NA
Rediviva colorata,10.692,3.124,3.82,R. colorata,NA
Rediviva colorata,10.303,2.973,3.82,R. colorata,NA
Rediviva colorata,9.838,2.768,3.82,R. colorata,NA
Rediviva colorata,10.001,3.049,3.82,R. colorata,NA
Rediviva colorata,10.238,2.995,3.82,R. colorata,NA
Rediviva colorata,10.606,2.973,3.82,R. colorata,NA
Rediviva colorata,11.146,3.146,3.82,R. colorata,NA
Rediviva colorata,10.27,2.941,3.82,R. colorata,NA
Rediviva colorata,9.936,2.865,3.82,R. colorata,NA
Rediviva colorata,10.098,3.254,3.82,R. colorata,NA
Rediviva colorata,9.546,2.886,3.82,R. colorata,NA
Rediviva colorata,10.702,2.908,3.82,R. colorata,NA
Rediviva colorata,10.293,3.2,3.82,R. colorata,NA
Rediviva colorata,9.611,2.93,3.82,R. colorata,NA
Rediviva colorata,12.92,3.07,3.82,R. colorata,NA
Rediviva colorata,9.827,4.065,3.82,R. colorata,NA
Rediviva colorata,10.099,2.984,3.82,R. colorata,NA
Rediviva emdeorum,17.513,3.31,19.429,R. emdeorum,NA
Rediviva emdeorum,17.175,3.225,19.429,R. emdeorum,NA
Rediviva emdeorum,20.199,3.525,19.429,R. emdeorum,NA
Rediviva emdeorum,21.428,3.734,19.429,R. emdeorum,NA
Rediviva emdeorum,21.308,3.222,19.429,R. emdeorum,NA
Rediviva emdeorum,21.016,3.278,19.429,R. emdeorum,NA
Rediviva emdeorum,22.665,3.583,19.429,R. emdeorum,NA
Rediviva emdeorum,20.918,3.627,19.429,R. emdeorum,NA
Rediviva emdeorum,21.134,3.297,19.429,R. emdeorum,NA
Rediviva emdeorum,21.815,3.319,19.429,R. emdeorum,NA
Rediviva emdeorum,21.362,3.384,19.429,R. emdeorum,NA
Rediviva emdeorum,20.532,3.49,19.429,R. emdeorum,NA
Rediviva emdeorum,20.864,3.448,19.429,R. emdeorum,NA
Rediviva emdeorum,21.681,3.391,19.429,R. emdeorum,NA
Rediviva emdeorum,21.104,3.414,19.429,R. emdeorum,NA
Rediviva emdeorum,21.535,3.357,19.429,R. emdeorum,NA
Rediviva emdeorum,20.377,3.448,19.429,R. emdeorum,NA
Rediviva emdeorum,21.358,3.764,19.429,R. emdeorum,NA
Rediviva emdeorum,20.127,3.332,19.429,R. emdeorum,NA
Rediviva emdeorum,20.477,3.561,19.429,R. emdeorum,NA
Rediviva emdeorum,21.942,3.497,19.429,R. emdeorum,NA
Rediviva emdeorum,21.343,3.412,19.429,R. emdeorum,NA
Rediviva emdeorum,20.44,3.508,19.429,R. emdeorum,NA
Rediviva emdeorum,18.163,3.106,19.429,R. emdeorum,NA
Rediviva emdeorum,19.011,3.425,19.429,R. emdeorum,NA
Rediviva emdeorum,19.391,3.187,19.429,R. emdeorum,NA
Rediviva emdeorum,16.558,3.321,19.429,R. emdeorum,NA
Rediviva emdeorum,19.134,3.414,19.429,R. emdeorum,NA
Rediviva emdeorum,19.259,3.289,19.429,R. emdeorum,NA
Rediviva emdeorum,18.098,3.131,19.429,R. emdeorum,NA
Rediviva emdeorum,19.622,3.312,19.429,R. emdeorum,NA
Rediviva emdeorum,20.65,3.459,19.429,R. emdeorum,NA
Rediviva emdeorum,18.606,3.293,19.429,R. emdeorum,NA
Rediviva emdeorum,19.722,3.459,19.429,R. emdeorum,NA
Rediviva emdeorum,17.238,3.165,19.429,R. emdeorum,NA
Rediviva emdeorum,19.507,3.287,19.429,R. emdeorum,NA
Rediviva emdeorum,19.064,3.225,19.429,R. emdeorum,NA
Rediviva emdeorum,20.28,3.366,19.429,R. emdeorum,NA
Rediviva emdeorum,21.545,3.2,19.429,R. emdeorum,NA
Rediviva emdeorum,20.605,3.103,19.429,R. emdeorum,NA
Rediviva emdeorum,19.827,3.265,19.429,R. emdeorum,NA
Rediviva emdeorum,20.248,3.178,19.429,R. emdeorum,NA
Rediviva emdeorum,20.692,3.232,19.429,R. emdeorum,NA
Rediviva emdeorum,20.499,3.286,19.429,R. emdeorum,NA
Rediviva emdeorum,20.277,3.18,19.429,R. emdeorum,NA
Rediviva intermedia,8.819,3.167,8.03,R. intermedia,NA
Rediviva intermedia,9.316,3.252,8.03,R. intermedia,NA
Rediviva intermedia,9.174,3.241,8.03,R. intermedia,NA
Rediviva intermedia,9.514,3.348,8.03,R. intermedia,NA
Rediviva intermedia,8.62,2.952,8.03,R. intermedia,NA
Rediviva intermedia,9.051,3.06,8.03,R. intermedia,NA
Rediviva intermedia,8.491,2.936,8.03,R. intermedia,NA
Rediviva intermedia,9.05,3.343,8.03,R. intermedia,NA
Rediviva intermedia,8.909,3.258,8.03,R. intermedia,NA
Rediviva intermedia,9.19,3.394,8.03,R. intermedia,NA
Rediviva intermedia,9.158,3.19,8.03,R. intermedia,NA
Rediviva intermedia,9.394,3.405,8.03,R. intermedia,NA
Rediviva intermedia,9.118,3.382,8.03,R. intermedia,NA
Rediviva intermedia,9.327,3.388,8.03,R. intermedia,NA
Rediviva intermedia,8.801,3.377,8.03,R. intermedia,NA
Rediviva intermedia,9.157,3.196,8.03,R. intermedia,NA
Rediviva intermedia,9.543,3.529,8.03,R. intermedia,NA
Rediviva intermedia,9.277,3.411,8.03,R. intermedia,NA
Rediviva intermedia,8.936,3.201,8.03,R. intermedia,NA
Rediviva intermixta,8.116,2.913,10.633,R. intermixta,NA
Rediviva intermixta,7.619,2.692,10.633,R. intermixta,NA
Rediviva intermixta,7.925,2.885,10.633,R. intermixta,NA
Rediviva intermixta,8.366,3.196,10.633,R. intermixta,NA
Rediviva intermixta,7.709,2.551,10.633,R. intermixta,NA
Rediviva intermixta,8.06,2.952,10.633,R. intermixta,NA
Rediviva intermixta,8.541,2.947,10.633,R. intermixta,NA
Rediviva intermixta,8.451,2.941,10.633,R. intermixta,NA
Rediviva intermixta,8.151,3.133,10.633,R. intermixta,NA
Rediviva intermixta,7.952,3.196,10.633,R. intermixta,NA
Rediviva intermixta,8.229,3.009,10.633,R. intermixta,NA
Rediviva intermixta,7.975,3.111,10.633,R. intermixta,NA
Rediviva intermixta,8.36,3.111,10.633,R. intermixta,NA
Rediviva intermixta,7.856,2.992,10.633,R. intermixta,NA
Rediviva intermixta,8.151,2.992,10.633,R. intermixta,NA
Rediviva intermixta,7.947,2.975,10.633,R. intermixta,NA
Rediviva intermixta,7.845,2.919,10.633,R. intermixta,NA
Rediviva intermixta,7.647,2.811,10.633,R. intermixta,NA
Rediviva longimanus,16.952,3.319,11.545,R. longimanus,NA
Rediviva longimanus,17.027,3.232,11.545,R. longimanus,NA
Rediviva longimanus,16.876,3.276,11.545,R. longimanus,NA
Rediviva longimanus,15.827,3.027,11.545,R. longimanus,NA
Rediviva longimanus,16.735,2.886,11.545,R. longimanus,NA
Rediviva longimanus,17.286,2.8,11.545,R. longimanus,NA
Rediviva longimanus,17.611,3.124,11.545,R. longimanus,NA
Rediviva longimanus,16.011,3.059,11.545,R. longimanus,NA
Rediviva longimanus,17.287,3.243,11.545,R. longimanus,NA
Rediviva longimanus,16.595,3.081,11.545,R. longimanus,NA
Rediviva longimanus,18.432,3.427,11.545,R. longimanus,NA
Rediviva longimanus,18.022,3.231,11.545,R. longimanus,NA
Rediviva longimanus,18.93,3.254,11.545,R. longimanus,NA
Rediviva longimanus,18.412,3.351,11.545,R. longimanus,NA
Rediviva longimanus,16.205,2.995,11.545,R. longimanus,NA
Rediviva longimanus,16.993,3.222,11.545,R. longimanus,NA
Rediviva longimanus,17.535,3.168,11.545,R. longimanus,NA
Rediviva longimanus,16.984,3.243,11.545,R. longimanus,NA
Rediviva longimanus,17.242,3.124,11.545,R. longimanus,NA
Rediviva longimanus,16.035,2.886,11.545,R. longimanus,NA
Rediviva longimanus,17.319,3.33,11.545,R. longimanus,NA
Rediviva longimanus,18.088,3.308,11.545,R. longimanus,NA
Rediviva longimanus,17.264,3.362,11.545,R. longimanus,NA
Rediviva longimanus,16.703,3.049,11.545,R. longimanus,NA
Rediviva longimanus,19.211,3.503,11.545,R. longimanus,NA
Rediviva longimanus,18.574,3.384,11.545,R. longimanus,NA
Rediviva longimanus,17.643,3.401,11.545,R. longimanus,NA
Rediviva longimanus,18.174,3.243,11.545,R. longimanus,NA
Rediviva longimanus,17.114,3.222,11.545,R. longimanus,NA
Rediviva longimanus,17.427,3.222,11.545,R. longimanus,NA
Rediviva longimanus,17.233,3.07,11.545,R. longimanus,NA
Rediviva longimanus,17.688,3.081,11.545,R. longimanus,NA
Rediviva longimanus,18.314,3.124,11.545,R. longimanus,NA
Rediviva longimanus,18.368,3.07,11.545,R. longimanus,NA
Rediviva longimanus,18.108,3.103,11.545,R. longimanus,NA
Rediviva longimanus,18.054,3.189,11.545,R. longimanus,NA
Rediviva longimanus,18.519,3.47,11.545,R. longimanus,NA
Rediviva longimanus,18.066,3.632,11.545,R. longimanus,NA
Rediviva longimanus,15.017,2.714,11.545,R. longimanus,NA
Rediviva macgregori,12.972,3.459,8.474,R. macgregori,NA
Rediviva macgregori,12.995,3.308,8.474,R. macgregori,NA
Rediviva macgregori,12.735,3.092,8.474,R. macgregori,NA
Rediviva macgregori,12.497,3.265,8.474,R. macgregori,NA
Rediviva macgregori,12.185,3.232,8.474,R. macgregori,NA
Rediviva macgregori,12.087,3.146,8.474,R. macgregori,NA
Rediviva macgregori,13.016,3.135,8.474,R. macgregori,NA
Rediviva macgregori,13.168,3.146,8.474,R. macgregori,NA
Rediviva macgregori,13.46,3.189,8.474,R. macgregori,NA
Rediviva macgregori,13.417,3.027,8.474,R. macgregori,NA
Rediviva macgregori,12.304,3.168,8.474,R. macgregori,NA
Rediviva macgregori,12.876,3.232,8.474,R. macgregori,NA
Rediviva macgregori,13.178,3.243,8.474,R. macgregori,NA
Rediviva macgregori,11.865,3.211,8.474,R. macgregori,NA
Rediviva macgregori,11.838,3.005,8.474,R. macgregori,NA
Rediviva macgregori,14.425,3.622,8.474,R. macgregori,NA
Rediviva macgregori,11.47,3.114,8.474,R. macgregori,NA
Rediviva macgregori,13.629,3.356,8.474,R. macgregori,NA
Rediviva macgregori,13.18,3.172,8.474,R. macgregori,NA
Rediviva macgregori,12.402,2.99,8.474,R. macgregori,NA
Rediviva macgregori,12.18,3.284,8.474,R. macgregori,NA
Rediviva macgregori,13.158,3.302,8.474,R. macgregori,NA
Rediviva macgregori,13.011,3.345,8.474,R. macgregori,NA
Rediviva macgregori,13.585,3.334,8.474,R. macgregori,NA
Rediviva macgregori,13.424,3.356,8.474,R. macgregori,NA
Rediviva macgregori,12.933,3.151,8.474,R. macgregori,NA
Rediviva macgregori,13.094,3.345,8.474,R. macgregori,NA
Rediviva macgregori,12.392,2.891,8.474,R. macgregori,NA
Rediviva macgregori,13.656,3.27,8.474,R. macgregori,NA
Rediviva macgregori,12.522,2.902,8.474,R. macgregori,NA
Rediviva macgregori,13.731,3.194,8.474,R. macgregori,NA
Rediviva macgregori,12.607,3.053,8.474,R. macgregori,NA
Rediviva macgregori,12.85,3.01,8.474,R. macgregori,NA
Rediviva macgregori,13.185,3.097,8.474,R. macgregori,NA
Rediviva macgregori,11.974,2.837,8.474,R. macgregori,NA
Rediviva micheneri,12.671,2.53,8.229,R. micheneri,NA
Rediviva micheneri,13.601,2.854,8.229,R. micheneri,NA
Rediviva micheneri,13.319,2.659,8.229,R. micheneri,NA
Rediviva micheneri,12.768,2.67,8.229,R. micheneri,NA
Rediviva micheneri,13.514,2.778,8.229,R. micheneri,NA
Rediviva micheneri,13.449,2.8,8.229,R. micheneri,NA
Rediviva micheneri,13.708,2.908,8.229,R. micheneri,NA
Rediviva micheneri,13.978,2.789,8.229,R. micheneri,NA
Rediviva micheneri,13.342,2.714,8.229,R. micheneri,NA
Rediviva micheneri,13.644,2.789,8.229,R. micheneri,NA
Rediviva micheneri,13.469,2.876,8.229,R. micheneri,NA
Rediviva micheneri,12.552,2.562,8.229,R. micheneri,NA
Rediviva micheneri,14.032,3.005,8.229,R. micheneri,NA
Rediviva micheneri,14.238,2.778,8.229,R. micheneri,NA
Rediviva micheneri,12.669,2.677,8.229,R. micheneri,NA
Rediviva micheneri,14.93,3.049,8.229,R. micheneri,NA
Rediviva micheneri,14.788,2.876,8.229,R. micheneri,NA
Rediviva micheneri,13.492,2.843,8.229,R. micheneri,NA
Rediviva micheneri,14.086,3.049,8.229,R. micheneri,NA
Rediviva micheneri,13.751,2.724,8.229,R. micheneri,NA
Rediviva micheneri,14.215,2.811,8.229,R. micheneri,NA
Rediviva micheneri,12.983,2.551,8.229,R. micheneri,NA
Rediviva micheneri,13.114,2.508,8.229,R. micheneri,NA
Rediviva micheneri,14.497,3.016,8.229,R. micheneri,NA
Rediviva micheneri,13.816,2.865,8.229,R. micheneri,NA
Rediviva micheneri,13.286,2.822,8.229,R. micheneri,NA
Rediviva micheneri,14.768,3.016,8.229,R. micheneri,NA
Rediviva micheneri,13.935,3.005,8.229,R. micheneri,NA
Rediviva micheneri,13.599,2.811,8.229,R. micheneri,NA
Rediviva micheneri,14.14,3.059,8.229,R. micheneri,NA
Rediviva micheneri,14.043,3.038,8.229,R. micheneri,NA
Rediviva micheneri,14.245,2.897,8.229,R. micheneri,NA
Rediviva micheneri,13.59,2.757,8.229,R. micheneri,NA
Rediviva micheneri,14.486,2.919,8.229,R. micheneri,NA
Rediviva micheneri,14.432,2.886,8.229,R. micheneri,NA
Rediviva micheneri,14.064,3.059,8.229,R. micheneri,NA
Rediviva micheneri,14.87,2.993,8.229,R. micheneri,NA
Rediviva micheneri,12.961,2.876,8.229,R. micheneri,NA
Rediviva micheneri,14.843,2.951,8.229,R. micheneri,NA
Rediviva micheneri,13.794,2.995,8.229,R. micheneri,NA
Rediviva micheneri,13.859,2.876,8.229,R. micheneri,NA
Rediviva neliana,8.677,2.653,7.295,R. neliana_1,5.32
Rediviva neliana,8.96,2.755,7.295,R. neliana_1,5.32
Rediviva neliana,7.839,2.455,7.295,R. neliana_1,5.32
Rediviva neliana,9.253,2.828,7.295,R. neliana_1,5.32
Rediviva neliana,7.862,2.579,7.295,R. neliana_1,5.32
Rediviva neliana,8.185,2.687,7.295,R. neliana_1,5.32
Rediviva neliana,8.546,2.647,7.295,R. neliana_1,5.32
Rediviva neliana,8.976,2.862,7.295,R. neliana_1,5.32
Rediviva neliana,8.745,2.704,7.295,R. neliana_1,5.32
Rediviva neliana,8.977,2.67,7.295,R. neliana_1,5.32
Rediviva neliana,7.919,2.607,7.295,R. neliana_1,5.32
Rediviva neliana,8.891,2.771,7.295,R. neliana_1,5.32
Rediviva neliana,8.179,2.313,7.295,R. neliana_1,5.32
Rediviva neliana,8.451,2.721,7.295,R. neliana_1,5.32
Rediviva neliana,8.394,2.698,7.295,R. neliana_1,5.32
Rediviva neliana,8.688,2.749,7.295,R. neliana_1,5.32
Rediviva neliana,8.411,2.873,7.295,R. neliana_1,5.32
Rediviva neliana,8.433,2.726,7.295,R. neliana_1,5.32
Rediviva neliana,8.298,2.5,7.295,R. neliana_1,5.32
Rediviva neliana,9.101,2.936,7.295,R. neliana_1,5.32
Rediviva neliana,7.885,2.15,7.295,R. neliana_11,9.28
Rediviva neliana,8.058,2.054,7.295,R. neliana_11,9.28
Rediviva neliana,8.414,2.152,7.295,R. neliana_11,9.28
Rediviva neliana,8.556,2.305,7.295,R. neliana_11,9.28
Rediviva neliana,8.426,2.23,7.295,R. neliana_11,9.28
Rediviva neliana,8.612,2.241,7.295,R. neliana_11,9.28
Rediviva neliana,8.719,2.287,7.295,R. neliana_11,9.28
Rediviva neliana,8.022,1.962,7.295,R. neliana_11,9.28
Rediviva neliana,8.248,2.188,7.295,R. neliana_11,9.28
Rediviva neliana,8.576,2.256,7.295,R. neliana_11,9.28
Rediviva neliana,8.515,2.259,7.295,R. neliana_11,9.28
Rediviva neliana,7.936,1.952,7.295,R. neliana_11,9.28
Rediviva neliana,10.656,2.777,7.295,R. neliana_11,9.28
Rediviva neliana,8.346,2.134,7.295,R. neliana_11,9.28
Rediviva neliana,8.054,2.246,7.295,R. neliana_11,9.28
Rediviva neliana,8.94,2.543,7.295,R. neliana_18,10.55
Rediviva neliana,8.745,2.416,7.295,R. neliana_18,10.55
Rediviva neliana,8.884,2.373,7.295,R. neliana_18,10.55
Rediviva neliana,8.684,2.505,7.295,R. neliana_18,10.55
Rediviva neliana,8.775,2.27,7.295,R. neliana_18,10.55
Rediviva neliana,8.749,2.565,7.295,R. neliana_18,10.55
Rediviva neliana,8.58,2.281,7.295,R. neliana_18,10.55
Rediviva neliana,8.776,2.408,7.295,R. neliana_18,10.55
Rediviva neliana,10.904,2.93,7.295,R. neliana_18,10.55
Rediviva neliana,8.12,2.178,7.295,R. neliana_18,10.55
Rediviva neliana,10.781,3.094,7.295,R. neliana_18,10.55
Rediviva neliana,10.515,2.862,7.295,R. neliana_18,10.55
Rediviva neliana,8.186,2.325,7.295,R. neliana_18,10.55
Rediviva neliana,8.42,2.298,7.295,R. neliana_18,10.55
Rediviva neliana,10.495,2.822,7.295,R. neliana_18,10.55
Rediviva neliana,8.604,2.658,7.295,R. neliana_2,5.62
Rediviva neliana,8.038,2.579,7.295,R. neliana_2,5.62
Rediviva neliana,8.429,2.794,7.295,R. neliana_2,5.62
Rediviva neliana,6.506,2.11,7.295,R. neliana_2,5.62
Rediviva neliana,8.177,2.653,7.295,R. neliana_2,5.62
Rediviva neliana,8.094,2.59,7.295,R. neliana_2,5.62
Rediviva neliana,8.812,2.76,7.295,R. neliana_2,5.62
Rediviva neliana,6.348,1.951,7.295,R. neliana_2,5.62
Rediviva neliana,8.603,2.59,7.295,R. neliana_2,5.62
Rediviva neliana,6.553,2.08,7.295,R. neliana_2,5.62
Rediviva neliana,6.043,1.889,7.295,R. neliana_2,5.62
Rediviva neliana,6.456,2.012,7.295,R. neliana_2,5.62
Rediviva neliana,6.498,2.027,7.295,R. neliana_2,5.62
Rediviva neliana,8.796,2.596,7.295,R. neliana_2,5.62
Rediviva neliana,6.255,1.962,7.295,R. neliana_2,5.62
Rediviva neliana,13.637,3.281,7.295,R. neliana_21,13.88
Rediviva neliana,14.093,3.382,7.295,R. neliana_21,13.88
Rediviva neliana,12.297,3.094,7.295,R. neliana_21,13.88
Rediviva neliana,12.729,3.003,7.295,R. neliana_21,13.88
Rediviva neliana,12.822,2.992,7.295,R. neliana_21,13.88
Rediviva neliana,12.516,2.89,7.295,R. neliana_21,13.88
Rediviva neliana,13.315,3.32,7.295,R. neliana_21,13.88
Rediviva neliana,12.823,3.201,7.295,R. neliana_21,13.88
Rediviva neliana,12.46,3.235,7.295,R. neliana_21,13.88
Rediviva neliana,12.667,3.23,7.295,R. neliana_21,13.88
Rediviva neliana,13.416,3.303,7.295,R. neliana_21,13.88
Rediviva neliana,12.732,3.252,7.295,R. neliana_21,13.88
Rediviva neliana,13.376,3.36,7.295,R. neliana_21,13.88
Rediviva neliana,13.309,3.201,7.295,R. neliana_21,13.88
Rediviva neliana,12.799,3.241,7.295,R. neliana_21,13.88
Rediviva neliana,10.107,2.548,7.295,R. neliana_22,12.84
Rediviva neliana,10.41,2.528,7.295,R. neliana_22,12.84
Rediviva neliana,10.608,2.538,7.295,R. neliana_22,12.84
Rediviva neliana,10.012,2.552,7.295,R. neliana_22,12.84
Rediviva neliana,10.27,2.548,7.295,R. neliana_22,12.84
Rediviva neliana,9.811,2.31,7.295,R. neliana_22,12.84
Rediviva neliana,9.846,2.342,7.295,R. neliana_22,12.84
Rediviva neliana,8.123,2.721,7.295,R. neliana_3,5.71
Rediviva neliana,6.774,2.004,7.295,R. neliana_3,5.71
Rediviva neliana,8.367,2.59,7.295,R. neliana_3,5.71
Rediviva neliana,8.173,2.562,7.295,R. neliana_3,5.71
Rediviva neliana,6.744,1.97,7.295,R. neliana_3,5.71
Rediviva neliana,8.236,2.54,7.295,R. neliana_3,5.71
Rediviva neliana,6.469,1.886,7.295,R. neliana_3,5.71
Rediviva neliana,8.529,2.726,7.295,R. neliana_3,5.71
Rediviva neliana,8.478,2.687,7.295,R. neliana_3,5.71
Rediviva neliana,8.071,2.641,7.295,R. neliana_3,5.71
Rediviva neliana,7.908,2.5,7.295,R. neliana_3,5.71
Rediviva neliana,6.608,2.018,7.295,R. neliana_3,5.71
Rediviva neliana,7.969,2.46,7.295,R. neliana_3,5.71
Rediviva neliana,6.667,2.026,7.295,R. neliana_3,5.71
Rediviva neliana,6.316,1.822,7.295,R. neliana_3,5.71
Rediviva neliana,7.306,2.072,7.295,R. neliana_4,7.34
Rediviva neliana,7.446,2.083,7.295,R. neliana_4,7.34
Rediviva neliana,7.532,2.198,7.295,R. neliana_4,7.34
Rediviva neliana,6.505,1.861,7.295,R. neliana_4,7.34
Rediviva neliana,7.629,2.183,7.295,R. neliana_4,7.34
Rediviva neliana,7.369,2.201,7.295,R. neliana_4,7.34
Rediviva neliana,7.399,2.231,7.295,R. neliana_4,7.34
Rediviva neliana,6.979,2.032,7.295,R. neliana_4,7.34
Rediviva neliana,7.214,2.167,7.295,R. neliana_4,7.34
Rediviva neliana,7.165,2.048,7.295,R. neliana_4,7.34
Rediviva neliana,7.612,2.136,7.295,R. neliana_4,7.34
Rediviva neliana,7.074,2.035,7.295,R. neliana_4,7.34
Rediviva neliana,7.545,2.175,7.295,R. neliana_4,7.34
Rediviva neliana,6.922,2.147,7.295,R. neliana_4,7.34
Rediviva neliana,7.342,2.195,7.295,R. neliana_4,7.34
Rediviva neliana,8.309,2.29,7.295,R. neliana_6,7.07
Rediviva neliana,8.074,2.22,7.295,R. neliana_6,7.07
Rediviva neliana,8.256,2.386,7.295,R. neliana_6,7.07
Rediviva neliana,8.058,2.433,7.295,R. neliana_6,7.07
Rediviva neliana,7.803,2.363,7.295,R. neliana_6,7.07
Rediviva neliana,8.362,2.336,7.295,R. neliana_6,7.07
Rediviva neliana,8.029,2.408,7.295,R. neliana_6,7.07
Rediviva neliana,8.338,2.478,7.295,R. neliana_6,7.07
Rediviva neliana,8.097,2.321,7.295,R. neliana_6,7.07
Rediviva neliana,7.702,2.259,7.295,R. neliana_6,7.07
Rediviva neliana,7.946,2.431,7.295,R. neliana_6,7.07
Rediviva neliana,8.091,2.384,7.295,R. neliana_6,7.07
Rediviva neliana,8.38,2.316,7.295,R. neliana_6,7.07
Rediviva neliana,7.744,2.173,7.295,R. neliana_6,7.07
Rediviva neliana,8.275,2.38,7.295,R. neliana_6,7.07
Rediviva neliana,8.739,2.379,7.295,R. neliana_8,10.56
Rediviva neliana,8.589,2.219,7.295,R. neliana_8,10.56
Rediviva neliana,8.796,2.198,7.295,R. neliana_8,10.56
Rediviva neliana,11.171,2.794,7.295,R. neliana_8,10.56
Rediviva neliana,9.102,2.319,7.295,R. neliana_8,10.56
Rediviva neliana,11.029,2.913,7.295,R. neliana_8,10.56
Rediviva neliana,8.022,2.091,7.295,R. neliana_8,10.56
Rediviva neliana,8.836,2.237,7.295,R. neliana_8,10.56
Rediviva neliana,10.152,2.675,7.295,R. neliana_8,10.56
Rediviva neliana,8.882,2.283,7.295,R. neliana_8,10.56
Rediviva neliana,8.781,2.215,7.295,R. neliana_8,10.56
Rediviva neliana,8.06,2.155,7.295,R. neliana_8,10.56
Rediviva neliana,8.206,2.017,7.295,R. neliana_8,10.56
Rediviva neliana,8.204,2.105,7.295,R. neliana_8,10.56
Rediviva neliana,8.569,2.08,7.295,R. neliana_8,10.56
Rediviva nitida,9.056,2.992,5.231,R. nitida,NA
Rediviva nitida,9.208,2.696,5.231,R. nitida,NA
Rediviva nitida,8.729,3.269,5.231,R. nitida,NA
Rediviva nitida,9.27,3.054,5.231,R. nitida,NA
Rediviva nitida,8.722,2.851,5.231,R. nitida,NA
Rediviva nitida,8.829,2.862,5.231,R. nitida,NA
Rediviva nitida,8.966,3.117,5.231,R. nitida,NA
Rediviva nitida,8.253,2.919,5.231,R. nitida,NA
Rediviva nitida,8.456,2.896,5.231,R. nitida,NA
Rediviva nitida,8.377,2.851,5.231,R. nitida,NA
Rediviva nitida,9.383,3.083,5.231,R. nitida,NA
Rediviva nitida,9.39,2.896,5.231,R. nitida,NA
Rediviva nitida,9.056,2.822,5.231,R. nitida,NA
Rediviva nitida,9.435,2.952,5.231,R. nitida,NA
Rediviva nitida,9.264,3.162,5.231,R. nitida,NA
Rediviva nitida,7.936,2.63,5.231,R. nitida,NA
Rediviva nitida,8.677,3.213,5.231,R. nitida,NA
Rediviva nitida,9.299,3.088,5.231,R. nitida,NA
Rediviva nitida,8.399,2.698,5.231,R. nitida,NA
Rediviva nitida,8.648,2.862,5.231,R. nitida,NA
Rediviva nitida,8.802,2.981,5.231,R. nitida,NA
Rediviva nitida,9.654,2.907,5.231,R. nitida,NA
Rediviva nitida,10.237,3.309,5.231,R. nitida,NA
Rediviva nitida,9.406,3.117,5.231,R. nitida,NA
Rediviva nitida,10.435,3.348,5.231,R. nitida,NA
Rediviva nitida,10.141,3.213,5.231,R. nitida,NA
Rediviva nitida,10.458,3.145,5.231,R. nitida,NA
Rediviva nitida,10.498,3.173,5.231,R. nitida,NA
Rediviva nitida,10.996,3.388,5.231,R. nitida,NA
Rediviva nitida,9.83,3.026,5.231,R. nitida,NA
Rediviva nitida,10.209,3.122,5.231,R. nitida,NA
Rediviva pallidula,9.244,2.919,9.929,R. pallidula,NA
Rediviva pallidula,9.47,3.005,9.929,R. pallidula,NA
Rediviva pallidula,9.967,2.919,9.929,R. pallidula,NA
Rediviva pallidula,10.594,2.843,9.929,R. pallidula,NA
Rediviva pallidula,10.539,3.103,9.929,R. pallidula,NA
Rediviva pallidula,10.714,3.124,9.929,R. pallidula,NA
Rediviva pallidula,10.389,3.07,9.929,R. pallidula,NA
Rediviva pallidula,10.681,2.951,9.929,R. pallidula,NA
Rediviva pallidula,10.129,2.876,9.929,R. pallidula,NA
Rediviva pallidula,9.729,2.768,9.929,R. pallidula,NA
Rediviva pallidula,10.794,2.973,9.929,R. pallidula_1,10.21
Rediviva pallidula,10.293,3.027,9.929,R. pallidula_1,10.21
Rediviva pallidula,10.865,3.07,9.929,R. pallidula_1,10.21
Rediviva pallidula,10.291,3.038,9.929,R. pallidula_1,10.21
Rediviva pallidula,9.297,2.843,9.929,R. pallidula_2,8.81
Rediviva pallidula,10.722,3.07,9.929,R. pallidula_2,8.81
Rediviva pallidula,10.486,3.092,9.929,R. pallidula_2,8.81
Rediviva pallidula,10.653,2.973,9.929,R. pallidula_2,8.81
Rediviva pallidula,10.973,3.222,9.929,R. pallidula_2,8.81
Rediviva pallidula,9.881,3.049,9.929,R. pallidula_2,8.81
Rediviva pallidula,9.924,2.984,9.929,R. pallidula_2,8.81
Rediviva pallidula,10.065,2.865,9.929,R. pallidula_2,8.81
Rediviva pallidula,11.005,3.168,9.929,R. pallidula_2,8.81
Rediviva pallidula,10.594,2.951,9.929,R. pallidula_2,8.81
Rediviva pallidula,9.989,2.995,9.929,R. pallidula_3,10.26
Rediviva pallidula,10.216,2.735,9.929,R. pallidula_3,10.26
Rediviva pallidula,9.427,2.616,9.929,R. pallidula_3,10.26
Rediviva pallidula,10.184,3.027,9.929,R. pallidula_3,10.26
Rediviva pallidula,9.882,2.724,9.929,R. pallidula_3,10.26
Rediviva pallidula,10.746,2.703,9.929,R. pallidula_3,10.26
Rediviva pallidula,9.568,2.584,9.929,R. pallidula_3,10.26
Rediviva pallidula,10.433,2.822,9.929,R. pallidula_3,10.26
Rediviva pallidula,10.508,3.103,9.929,R. pallidula_3,10.26
Rediviva pallidula,9.784,2.789,9.929,R. pallidula_3,10.26
Rediviva pallidula,10.076,2.951,9.929,R. pallidula_4,9.16
Rediviva pallidula,10.649,2.962,9.929,R. pallidula_4,9.16
Rediviva pallidula,10.27,2.724,9.929,R. pallidula_4,9.16
Rediviva pallidula,10.216,2.714,9.929,R. pallidula_4,9.16
Rediviva pallidula,10.821,2.778,9.929,R. pallidula_4,9.16
Rediviva pallidula,9.406,2.53,9.929,R. pallidula_4,9.16
Rediviva pallidula,10.13,2.941,9.929,R. pallidula_4,9.16
Rediviva pallidula,10.14,2.919,9.929,R. pallidula_4,9.16
Rediviva pallidula,10.585,3.016,9.929,R. pallidula_4,9.16
Rediviva pallidula,9.524,2.627,9.929,R. pallidula_4,9.16
Rediviva pallidula,10.648,3.081,9.929,R. pallidula_4,9.16
Rediviva pallidula,10.886,3.005,9.929,R. pallidula_4,9.16
Rediviva pallidula,11.437,2.93,9.929,R. pallidula_5,10.68
Rediviva pallidula,11.146,3.254,9.929,R. pallidula_5,10.68
Rediviva pallidula,10.227,2.832,9.929,R. pallidula_5,10.68
Rediviva pallidula,10.746,2.865,9.929,R. pallidula_5,10.68
Rediviva pallidula,10.412,3.146,9.929,R. pallidula_5,10.68
Rediviva pallidula,10.293,3.081,9.929,R. pallidula_5,10.68
Rediviva pallidula,10.34,3.059,9.929,R. pallidula_5,10.68
Rediviva pallidula,10.087,3.135,9.929,R. pallidula_6,7.54
Rediviva pallidula,9.536,2.886,9.929,R. pallidula_6,7.54
Rediviva pallidula,10.432,3.189,9.929,R. pallidula_6,7.54
Rediviva pallidula,10.291,3.038,9.929,R. pallidula_6,7.54
Rediviva pallidula,9.265,3.103,9.929,R. pallidula_6,7.54
Rediviva pallidula,10.01,2.941,9.929,R. pallidula_6,7.54
Rediviva pallidula,9.578,3.168,9.929,R. pallidula_6,7.54
Rediviva pallidula,9.653,3.027,9.929,R. pallidula_6,7.54
Rediviva pallidula,9.307,2.843,9.929,R. pallidula_6,7.54
Rediviva pallidula,9.74,2.93,9.929,R. pallidula_6,7.54
Rediviva pallidula,9.049,2.53,9.929,R. pallidula_6,7.54
Rediviva parva,7.251,2.732,5.1,R. parva,NA
Rediviva parva,7.234,2.698,5.1,R. parva,NA
Rediviva parva,7.296,2.76,5.1,R. parva,NA
Rediviva parva,7.008,2.653,5.1,R. parva,NA
Rediviva parva,7.098,2.788,5.1,R. parva,NA
Rediviva parva,7.387,2.794,5.1,R. parva,NA
Rediviva parva,6.838,2.879,5.1,R. parva,NA
Rediviva parva,7.788,2.873,5.1,R. parva,NA
Rediviva parva,7.172,2.749,5.1,R. parva,NA
Rediviva parva,7.387,2.692,5.1,R. parva,NA
Rediviva parva,7.045,2.698,5.1,R. parva,NA
Rediviva parva,6.906,2.528,5.1,R. parva,NA
Rediviva parva,7.29,2.692,5.1,R. parva,NA
Rediviva parva,7.042,2.868,5.1,R. parva,NA
Rediviva parva,7.698,2.958,5.1,R. parva,NA
Rediviva parva,7.554,2.822,5.1,R. parva,NA
Rediviva parva,6.816,2.749,5.1,R. parva,NA
Rediviva parva,7.303,2.964,5.1,R. parva,NA
Rediviva parva,6.511,2.862,5.1,R. parva,NA
Rediviva parva,7.014,2.856,5.1,R. parva,NA
Rediviva parva,7.255,2.839,5.1,R. parva,NA
Rediviva parva,6.799,2.936,5.1,R. parva,NA
Rediviva parva,7.647,2.975,5.1,R. parva,NA
Rediviva parva,6.884,2.562,5.1,R. parva,NA
Rediviva parva,6.933,2.653,5.1,R. parva,NA
Rediviva parva,6.799,2.613,5.1,R. parva,NA
Rediviva parva,7.547,2.794,5.1,R. parva,NA
Rediviva parva,7.845,3.071,5.1,R. parva,NA
Rediviva parva,7.624,3.117,5.1,R. parva,NA
Rediviva parva,7.387,2.834,5.1,R. parva,NA
Rediviva parva,7.675,2.975,5.1,R. parva,NA
Rediviva parva,7.873,2.964,5.1,R. parva,NA
Rediviva parva,6.872,2.687,5.1,R. parva,NA
Rediviva parva,7.624,3.094,5.1,R. parva,NA
Rediviva parva,7.296,2.885,5.1,R. parva,NA
Rediviva parva,7.206,2.902,5.1,R. parva,NA
Rediviva parva,7.274,2.59,5.1,R. parva,NA
Rediviva parva,7.466,2.557,5.1,R. parva,NA
Rediviva parva,7.652,2.862,5.1,R. parva,NA
Rediviva parva,7.483,2.834,5.1,R. parva,NA
Rediviva parva,7.371,2.862,5.1,R. parva,NA
Rediviva parva,7.545,3.037,5.1,R. parva,NA
Rediviva parva,7.766,2.868,5.1,R. parva,NA
Rediviva parva,7.291,2.788,5.1,R. parva,NA
Rediviva parva,7.59,2.726,5.1,R. parva,NA
Rediviva parva,8.424,3.111,5.1,R. parva,NA
Rediviva parva,8.694,3.269,5.1,R. parva,NA
Rediviva parva,8.858,3.117,5.1,R. parva,NA
Rediviva parva,8.773,3.343,5.1,R. parva,NA
Rediviva parva,8.643,3.105,5.1,R. parva,NA
Rediviva peringueyi,9.627,3.054,4.2,R. peringueyi,NA
Rediviva peringueyi,10.074,3.326,4.2,R. peringueyi,NA
Rediviva peringueyi,8.977,3.032,4.2,R. peringueyi,NA
Rediviva peringueyi,9.836,3.133,4.2,R. peringueyi,NA
Rediviva peringueyi,9.734,3.241,4.2,R. peringueyi,NA
Rediviva peringueyi,9.334,3.145,4.2,R. peringueyi,NA
Rediviva peringueyi,9.875,3.32,4.2,R. peringueyi,NA
Rediviva peringueyi,10.237,3.292,4.2,R. peringueyi,NA
Rediviva peringueyi,9.785,3.043,4.2,R. peringueyi,NA
Rediviva peringueyi,9.359,2.69,4.2,R. peringueyi,NA
Rediviva peringueyi,10.326,2.95,4.2,R. peringueyi,NA
Rediviva peringueyi,9.426,2.972,4.2,R. peringueyi,NA
Rediviva peringueyi,9.859,3.043,4.2,R. peringueyi,NA
Rediviva peringueyi,9.774,3.083,4.2,R. peringueyi,NA
Rediviva peringueyi,9.399,3.026,4.2,R. peringueyi,NA
Rediviva peringueyi,9.214,2.936,4.2,R. peringueyi,NA
Rediviva peringueyi,9.819,3.292,4.2,R. peringueyi,NA
Rediviva peringueyi,10.04,2.896,4.2,R. peringueyi,NA
Rediviva peringueyi,10.446,3.224,4.2,R. peringueyi,NA
Rediviva rhodosoma,12.505,3.037,14.6,R. rhodosoma,NA
Rediviva rhodosoma,12.568,2.998,14.6,R. rhodosoma,NA
Rediviva rhodosoma,12.314,3.037,14.6,R. rhodosoma,NA
Rediviva rhodosoma,12.303,3.094,14.6,R. rhodosoma,NA
Rediviva rhodosoma,12.076,3.009,14.6,R. rhodosoma,NA
Rediviva rhodosoma,11.928,3.02,14.6,R. rhodosoma,NA
Rediviva rhodosoma,11.386,2.766,14.6,R. rhodosoma,NA
Rediviva rhodosoma,11.448,2.794,14.6,R. rhodosoma,NA
Rediviva rhodosoma,12.601,3.06,14.6,R. rhodosoma,NA
Rediviva rhodosoma,12.709,3.133,14.6,R. rhodosoma,NA
Rediviva rhodosoma,13.02,3.411,14.6,R. rhodosoma,NA
Rediviva rhodosoma,12.591,3.111,14.6,R. rhodosoma,NA
Rediviva rhodosoma,12.302,3.032,14.6,R. rhodosoma,NA
Rediviva rhodosoma,12.894,3.043,14.6,R. rhodosoma,NA
Rediviva rhodosoma,12.595,3.162,14.6,R. rhodosoma,NA
Rediviva rhodosoma,12.759,3.179,14.6,R. rhodosoma,NA
Rediviva rhodosoma,12.851,3.037,14.6,R. rhodosoma,NA
Rediviva rhodosoma,12.2,2.981,14.6,R. rhodosoma,NA
Rediviva rhodosoma,12.647,3.105,14.6,R. rhodosoma,NA
Rediviva rhodosoma,12.008,2.907,14.6,R. rhodosoma,NA
Rediviva rhodosoma,12.653,3.394,14.6,R. rhodosoma,NA
Rediviva rhodosoma,13.467,3.433,14.6,R. rhodosoma,NA
Rediviva rhodosoma,12.774,3.258,14.6,R. rhodosoma,NA
Rediviva rhodosoma,12.064,2.941,14.6,R. rhodosoma,NA
Rediviva ruficornis,9.458,2.687,4.075,R. ruficornis,NA
Rediviva ruficornis,9.169,2.771,4.075,R. ruficornis,NA
Rediviva ruficornis,8.58,2.783,4.075,R. ruficornis,NA
Rediviva ruficornis,9.202,2.8,4.075,R. ruficornis,NA
Rediviva ruficornis,8.897,2.624,4.075,R. ruficornis,NA
Rediviva ruficornis,9.457,2.856,4.075,R. ruficornis,NA
Rediviva ruficornis,9.067,2.636,4.075,R. ruficornis,NA
Rediviva ruficornis,9.102,2.681,4.075,R. ruficornis,NA
Rediviva ruficornis,9.39,2.794,4.075,R. ruficornis,NA
Rediviva ruficornis,9.751,2.755,4.075,R. ruficornis,NA
Rediviva ruficornis,9.067,2.76,4.075,R. ruficornis,NA
Rediviva ruficornis,9.327,2.794,4.075,R. ruficornis,NA
Rediviva ruficornis,9.56,2.885,4.075,R. ruficornis,NA
Rediviva ruficornis,9.577,2.687,4.075,R. ruficornis,NA
Rediviva ruficornis,9.955,2.862,4.075,R. ruficornis,NA
Rediviva ruficornis,9.519,2.892,4.075,R. ruficornis,NA
Rediviva ruficornis,9.581,2.636,4.075,R. ruficornis,NA
Rediviva ruficornis,9.938,2.771,4.075,R. ruficornis,NA
Rediviva ruficornis,9.89,2.856,4.075,R. ruficornis,NA
Rediviva ruficornis,9.786,2.805,4.075,R. ruficornis,NA
Rediviva ruficornis,9.7,2.794,4.075,R. ruficornis,NA
Rediviva ruficornis,9.931,2.811,4.075,R. ruficornis,NA
Rediviva ruficornis,9.943,2.766,4.075,R. ruficornis,NA
Rediviva ruficornis,9.937,2.896,4.075,R. ruficornis,NA
Rediviva ruficornis,9.553,2.783,4.075,R. ruficornis,NA
Rediviva ruficornis,9.904,2.709,4.075,R. ruficornis,NA
Rediviva ruficornis,9.835,2.788,4.075,R. ruficornis,NA
Rediviva ruficornis,9.446,2.607,4.075,R. ruficornis,NA
Rediviva ruficornis,9.797,2.822,4.075,R. ruficornis,NA
Rediviva ruficornis,9.864,3.043,4.075,R. ruficornis,NA
Rediviva rufipes,7.189,3.003,6.171,R. rufipes,NA
Rediviva rufipes,7.274,2.788,6.171,R. rufipes,NA
Rediviva rufipes,7.511,2.907,6.171,R. rufipes,NA
Rediviva rufipes,7.296,2.981,6.171,R. rufipes,NA
Rediviva rufipes,7.211,2.76,6.171,R. rufipes,NA
Rediviva rufipes,7.246,2.8,6.171,R. rufipes,NA
Rediviva rufipes,7.218,2.862,6.171,R. rufipes,NA
Rediviva rufipes,7.25,2.658,6.171,R. rufipes,NA
Rediviva rufipes,7.325,2.862,6.171,R. rufipes,NA
Rediviva rufipes,7.348,2.919,6.171,R. rufipes,NA
Rediviva rufipes,7.59,3.009,6.171,R. rufipes,NA
Rediviva rufipes,7.614,2.692,6.171,R. rufipes,NA
Rediviva rufipes,7.68,2.811,6.171,R. rufipes,NA
Rediviva rufipes,7.675,2.896,6.171,R. rufipes,NA
Rediviva rufipes,7.856,3.026,6.171,R. rufipes,NA
Rediviva rufipes,7.54,3.077,6.171,R. rufipes,NA
Rediviva rufipes,7.489,2.941,6.171,R. rufipes,NA
Rediviva rufipes,7.789,2.896,6.171,R. rufipes,NA
Rediviva rufipes,7.862,3.145,6.171,R. rufipes,NA
Rediviva rufipes,7.302,2.856,6.171,R. rufipes,NA
Rediviva rufipes,7.902,3.02,6.171,R. rufipes,NA
Rediviva rufipes,7.743,2.794,6.171,R. rufipes,NA
Rediviva rufipes,8.206,3.156,6.171,R. rufipes,NA
Rediviva rufipes,7.33,2.93,6.171,R. rufipes,NA
Rediviva rufipes,7.477,2.879,6.171,R. rufipes,NA
Rediviva rufipes,8.507,2.952,6.171,R. rufipes,NA
Rediviva rufipes,7.596,3.02,6.171,R. rufipes,NA
Rediviva rufipes,7.613,2.8,6.171,R. rufipes,NA
Rediviva rufipes,7.907,2.907,6.171,R. rufipes,NA
Rediviva rufipes,7.658,3.054,6.171,R. rufipes,NA
Rediviva rufipes,7.568,3.083,6.171,R. rufipes,NA
Rediviva rufipes,7.053,2.811,6.171,R. rufipes,NA
Rediviva rufipes,7.879,3.224,6.171,R. rufipes,NA
Rediviva rufipes,7.026,2.641,6.171,R. rufipes,NA
Rediviva rufipes,7.269,2.839,6.171,R. rufipes,NA
Rediviva rufipes,7.336,3.128,6.171,R. rufipes,NA
Rediviva rufipes,7.54,2.783,6.171,R. rufipes,NA
Rediviva rufipes,7.363,3.037,6.171,R. rufipes,NA
Rediviva rufipes,6.94,2.992,6.171,R. rufipes,NA
Rediviva rufipes,7.251,3.071,6.171,R. rufipes,NA
Rediviva rufipes,7.171,2.828,6.171,R. rufipes,NA
Rediviva rufipes,7.036,2.805,6.171,R. rufipes,NA
Rediviva rufipes,7.352,2.924,6.171,R. rufipes,NA
Rediviva rufipes,7.466,3.009,6.171,R. rufipes,NA
Rediviva rufipes,7.279,3.201,6.171,R. rufipes,NA
Rediviva rufipes,7.285,2.834,6.171,R. rufipes,NA
Rediviva rufipes,7.607,2.986,6.171,R. rufipes,NA
Rediviva rufipes,6.861,2.868,6.171,R. rufipes,NA
Rediviva rufipes,7.336,3.1,6.171,R. rufipes,NA
Rediviva rufocincta,7.732,2.856,3.575,R. rufocincta,NA
Rediviva rufocincta,8.236,2.715,3.575,R. rufocincta,NA
Rediviva rufocincta,8.467,2.788,3.575,R. rufocincta,NA
Rediviva rufocincta,8.614,2.749,3.575,R. rufocincta,NA
Rediviva rufocincta,8.355,2.743,3.575,R. rufocincta,NA
Rediviva rufocincta,8.224,2.664,3.575,R. rufocincta,NA
Rediviva rufocincta,8.432,2.715,3.575,R. rufocincta,NA
Rediviva rufocincta,8.319,2.721,3.575,R. rufocincta,NA
Rediviva rufocincta,8.315,2.715,3.575,R. rufocincta,NA
Rediviva rufocincta,8.347,2.822,3.575,R. rufocincta,NA
Rediviva rufocincta,8.371,2.749,3.575,R. rufocincta,NA
Rediviva rufocincta,8.179,2.8,3.575,R. rufocincta,NA
Rediviva rufocincta,7.478,2.67,3.575,R. rufocincta,NA
Rediviva rufocincta,8.349,2.777,3.575,R. rufocincta,NA
Rediviva rufocincta,9.616,3.128,3.575,R. rufocincta,NA
Rediviva rufocincta,7.817,2.698,3.575,R. rufocincta,NA
Rediviva rufocincta,7.912,2.834,3.575,R. rufocincta,NA
Rediviva rufocincta,8.337,2.715,3.575,R. rufocincta,NA
Rediviva rufocincta,8.016,2.687,3.575,R. rufocincta,NA
Rediviva rufocincta,8.099,2.704,3.575,R. rufocincta,NA
Rediviva rufocincta,9.242,3.19,3.575,R. rufocincta,NA
Rediviva rufocincta,10.192,2.992,3.575,R. rufocincta,NA
Rediviva rufocincta,9.535,3.173,3.575,R. rufocincta,NA
Rediviva rufocincta,7.868,2.698,3.575,R. rufocincta,NA
Rediviva rufocincta,7.991,2.67,3.575,R. rufocincta,NA
Rediviva rufocincta,7.794,2.59,3.575,R. rufocincta,NA
Rediviva rufocincta,7.556,2.709,3.575,R. rufocincta,NA
Rediviva rufocincta,7.822,2.602,3.575,R. rufocincta,NA
Rediviva rufocincta,7.907,2.687,3.575,R. rufocincta,NA
Rediviva rufocincta,7.975,2.506,3.575,R. rufocincta,NA
Rediviva rufocincta,7.777,2.596,3.575,R. rufocincta,NA
Rediviva rufocincta,7.669,2.511,3.575,R. rufocincta,NA
Rediviva rufocincta,7.358,2.489,3.575,R. rufocincta,NA
Rediviva rufocincta,7.925,2.602,3.575,R. rufocincta,NA
Rediviva rufocincta,7.631,2.664,3.575,R. rufocincta,NA
Rediviva rufocincta,8.111,2.715,3.575,R. rufocincta,NA
Rediviva rufocincta,7.715,2.653,3.575,R. rufocincta,NA
Rediviva rufocincta,7.879,2.483,3.575,R. rufocincta,NA
Rediviva rufocincta,7.981,2.749,3.575,R. rufocincta,NA
Rediviva rufocincta,7.45,2.607,3.575,R. rufocincta,NA
Rediviva rufocincta,7.539,2.681,3.575,R. rufocincta,NA
Rediviva rufocincta,8.27,2.845,3.575,R. rufocincta,NA
Rediviva rufocincta,7.625,2.738,3.575,R. rufocincta,NA
Rediviva rufocincta,7.398,2.879,3.575,R. rufocincta,NA
Rediviva rufocincta,7.772,2.771,3.575,R. rufocincta,NA
Rediviva rufocincta,7.732,2.732,3.575,R. rufocincta,NA
Rediviva rufocincta,7.658,2.76,3.575,R. rufocincta,NA
Rediviva rufocincta,7.302,2.698,3.575,R. rufocincta,NA
Rediviva rufocincta,7.528,2.788,3.575,R. rufocincta,NA
Rediviva rufocincta,7.754,2.924,3.575,R. rufocincta,NA
Rediviva rufocincta,7.738,2.856,3.575,R. rufocincta,NA
Rediviva rufocincta,8.049,2.766,3.575,R. rufocincta,NA
Rediviva rufocincta,7.745,2.726,3.575,R. rufocincta,NA
Rediviva rufocincta,7.744,2.721,3.575,R. rufocincta,NA
Rediviva rufocincta,8.263,2.941,3.575,R. rufocincta,NA
Rediviva rufocincta,8.067,2.726,3.575,R. rufocincta,NA
Rediviva rufocincta,7.981,2.885,3.575,R. rufocincta,NA
Rediviva rufocincta,7.884,2.704,3.575,R. rufocincta,NA
Rediviva rufocincta,7.845,2.755,3.575,R. rufocincta,NA
Rediviva rufocincta,7.97,2.709,3.575,R. rufocincta,NA
Rediviva rufocincta,7.937,2.743,3.575,R. rufocincta,NA
Rediviva rufocincta,8.247,2.794,3.575,R. rufocincta,NA
Rediviva rufocincta,8.23,2.755,3.575,R. rufocincta,NA
Rediviva rufocincta,8.223,2.8,3.575,R. rufocincta,NA
Rediviva rufocincta,7.552,2.726,3.575,R. rufocincta,NA
Rediviva rufocincta,8.461,2.845,3.575,R. rufocincta,NA
Rediviva saetigera,7.105,2.992,0,R. saetigera,NA
Rediviva saetigera,7.065,3.071,0,R. saetigera,NA
Rediviva saetigera,7.375,2.981,0,R. saetigera,NA
Rediviva saetigera,6.986,2.969,0,R. saetigera,NA
Rediviva saetigera,6.889,3.02,0,R. saetigera,NA
Rediviva saetigera,6.951,2.981,0,R. saetigera,NA
Rediviva saetigera,6.783,2.885,0,R. saetigera,NA
Rediviva saetigera,6.735,2.868,0,R. saetigera,NA
Rediviva saetigera,7.851,3.105,0,R. saetigera,NA
Rediviva saetigera,7.009,2.839,0,R. saetigera,NA
Rediviva saetigera,7.449,3.003,0,R. saetigera,NA
Rediviva saetigera,7.38,2.913,0,R. saetigera,NA
Rediviva saetigera,7.16,2.896,0,R. saetigera,NA
Rediviva saetigera,6.951,2.624,0,R. saetigera,NA
Rediviva saetigera,6.776,2.777,0,R. saetigera,NA
Rediviva saetigera,6.985,2.873,0,R. saetigera,NA
Rediviva saetigera,6.867,2.822,0,R. saetigera,NA
Rediviva saetigera,7.269,2.845,0,R. saetigera,NA
Rediviva saetigera,7.211,3.077,0,R. saetigera,NA
Rediviva saetigera,7.144,3.128,0,R. saetigera,NA
Rediviva saetigera,7.308,3.156,0,R. saetigera,NA
Rediviva saetigera,7.082,2.941,0,R. saetigera,NA
Rediviva saetigera,6.775,2.851,0,R. saetigera,NA
Rediviva transkeiana,10.022,2.692,5,R. transkeiana,NA
Rediviva transkeiana,10.056,2.726,5,R. transkeiana,NA
Rediviva transkeiana,9.994,2.8,5,R. transkeiana,NA
Rediviva transkeiana,10.006,2.817,5,R. transkeiana,NA
Rediviva transkeiana,9.984,2.834,5,R. transkeiana,NA
Rediviva transkeiana,9.91,2.54,5,R. transkeiana,NA
Rediviva transkeiana,10.084,2.8,5,R. transkeiana,NA
Rediviva whiteheadi,10.921,3.139,10.15,R. whiteheadi,NA
Rediviva whiteheadi,10.81,3.167,10.15,R. whiteheadi,NA
Rediviva whiteheadi,11.04,3.269,10.15,R. whiteheadi,NA
Rediviva whiteheadi,10.842,3.15,10.15,R. whiteheadi,NA
Rediviva whiteheadi,10.753,2.958,10.15,R. whiteheadi,NA
Rediviva whiteheadi,11.352,3.128,10.15,R. whiteheadi,NA
Rediviva whiteheadi,10.701,3.162,10.15,R. whiteheadi,NA
Rediviva whiteheadi,10.656,3.252,10.15,R. whiteheadi,NA
Rediviva whiteheadi,10.833,3.083,10.15,R. whiteheadi,NA
Rediviva whiteheadi,10.633,3.224,10.15,R. whiteheadi,NA
Rediviva whiteheadi,11.12,3.133,10.15,R. whiteheadi,NA
Rediviva gigas,10.303,4.162,2,R. gigas,NA
Rediviva gigas,10.2054,4.043,2,R. gigas,NA
Rediviva gigas,11.093,4.378,2,R. gigas,NA
Rediviva gigas,11.265,4.097,2,R. gigas,NA
Rediviva gigas,11.5462,4.259,2,R. gigas,NA
Rediviva gigas,10.724,4.184,2,R. gigas,NA
Rediviva gigas,10.8859,4.227,2,R. gigas,NA
Rediviva gigas,10.563,4.249,2,R. gigas,NA
